[{"id":"028ee799b9ac3931219767cd07e345c6","name":"Xiaomi 10 Lite","price":"1300","image":"product_images\/4f9a85b5e11e392ea06aa69f91f9252b.png","category_id":"6d707b835214015b152bbb50deb881c7"},{"id":"251dd71133775c2d9997b3794b925bdc","name":"iPad Mini","price":"10000","image":"product_images\/3010dbac00b6ddaca394af0def459fd3.png","category_id":"a0ec998d31517736c4a24df62d27dc9a"},{"id":"5a473f4f351c878774ceef5ee078f318","name":"Custodie","price":"1500","image":"product_images\/b31d9c8f01e8b9e7fa5a683877605832.png","category_id":"a0ec998d31517736c4a24df62d27dc9a"},{"id":"7b7270cfc98f82df4f71eb92493890aa","name":"Mi 10 Blue","price":"1500","image":"product_images\/241e837d2508210403f8c3cfa30172ec.png","category_id":"6d707b835214015b152bbb50deb881c7"},{"id":"9d6ce2f47ea29e6b0ad44fa44418b687","name":"Asus","price":"5000","image":"product_images\/54bf6024d8479ca13a93fa78d3a9c254.png","category_id":"7b334071fd7c69b6d05f1dd71da1743d"},{"id":"bc59da3fb91e0dbd0885a1b8603b6428","name":"Beats","price":"2000","image":"product_images\/448a5ac1c622535b215865c34cfc719a.png","category_id":"de0d5724cd94ab798b4f1647c96ea9dd"},{"id":"ed54c4f457a0bb6695d1a370f63e8afa","name":"Philips","price":"1100","image":"product_images\/2d86bcde1795320fdcf073e3a9e0257c.png","category_id":"de0d5724cd94ab798b4f1647c96ea9dd"}]